{
  "project_info": {
    "project_number": "174805589003",
    "project_id": "quiz-admin-8bbae",
    "storage_bucket": "quiz-admin-8bbae.appspot.com"
  },
  "client": [
    {
      "client_info": {
        "mobilesdk_app_id": "1:174805589003:android:ec5ac09ee86cdb9275fb0e",
        "android_client_info": {
          "package_name": "com.example.quizadmin"
        }
      },
      "oauth_client": [],
      "api_key": [
        {
          "current_key": "AIzaSyB7T3Qi5GNB0cUO-w-HpkoiTEtXaGuq6J8"
        }
      ],
      "services": {
        "appinvite_service": {
          "other_platform_oauth_client": []
        }
      }
    }
  ],
  "configuration_version": "1"
}